[
    {
        "name": "name",
        "notSortable": true,
        "view": "treo-core:views/queue-manager/fields/name",
        "width": "25"
    },
    {
        "name": "loader",
        "view": "treo-core:views/queue-manager/fields/loader",
        "widthPx": "50"
    },
    {
        "name": "status",
        "widthPx": "90"
    },
    {
        "name": "createdBy",
        "width": "20"
    },
    {
        "name": "actions",
        "view": "treo-core:views/queue-manager/fields/actions",
        "width": "40"
    }
]