[
    {
        "label": "In-app Notifications",
        "rows": [
            [{"name": "assignmentNotificationsEntityList"}, false],
            [{"name": "notificationSoundsDisabled"}, false]
        ]
    },
    {
        "label": "Email Notifications",
        "rows": [
            [{"name": "assignmentEmailNotifications"}, {"name": "mentionEmailNotifications"}],
            [{"name": "assignmentEmailNotificationsEntityList"}, false],
            [{"name": "streamEmailNotifications"}, {"name": "portalStreamEmailNotifications"}],
            [{"name": "streamEmailNotificationsEntityList"}, {"name": "streamEmailNotificationsTypeList"}]
        ]
    },
    {
        "label": "System Notifications",
        "rows": [
            [{"name": "notificationNewSystemVersionDisabled"}, {"name": "notificationNewModuleVersionDisabled"}],
            [{"name": "notificationInstallDeleteModuleDisabled"}, false]
        ]
    }
]