{
  "createDisabled": true,
  "controller": "controllers/record",
  "boolFilterList": [
    "onlyMy"
  ],
  "recordViews": {
    "detail": "treo-core:views/queue-manager/record/detail"
  },
  "queueActions": {
    "cancel": {
      "view": "treo-core:views/queue-manager/actions/cancel",
      "acl": "edit"
    },
    "close": {
      "view": "treo-core:views/queue-manager/actions/close",
      "acl": "edit"
    },
    "show-message": {
      "view": "treo-core:views/queue-manager/actions/show-message"
    },
    "download": {
      "view": "treo-core:views/queue-manager/actions/download"
    }
  }
}