{
  "app": [
    "treo-core"
  ],
  "view": [
    "treo-core"
  ],
  "search-manager": [
    "treo-core"
  ],
  "controllers/about": [
    "treo-core"
  ],
  "controllers/admin": [
    "treo-core"
  ],
  "views/detail": [
    "treo-core"
  ],
  "views/modal": [
    "treo-core"
  ],
  "views/main": [
    "treo-core"
  ],
  "views/header": [
    "treo-core"
  ],
  "views/list": [
    "treo-core"
  ],
  "views/login": [
    "treo-core"
  ],
  "views/dashboard": [
    "treo-core"
  ],
  "views/dashlets/options/base": [
    "treo-core"
  ],
  "views/modals/mass-update": [
    "treo-core"
  ],
  "views/modals/select-records": [
    "treo-core"
  ],
  "views/record/base": [
    "treo-core"
  ],
  "views/record/detail-side": [
    "treo-core"
  ],
  "views/record/detail-bottom": [
    "treo-core"
  ],
  "views/record/edit-side": [
    "treo-core"
  ],
  "views/record/list": [
    "treo-core"
  ],
  "views/record/panels/relationship": [
    "treo-core"
  ],
  "views/record/search": [
    "treo-core"
  ],
  "views/record/row-actions/default": [
    "treo-core"
  ],
  "views/admin/index": [
    "treo-core"
  ],
  "views/admin/notifications":[
    "treo-core"
  ],
  "views/admin/upgrade/index": [
    "treo-core"
  ],
  "views/admin/entity-manager/modals/edit-entity": [
    "treo-core"
  ],
  "views/admin/field-manager/list": [
    "treo-core"
  ],
  "views/admin/layouts/relationships": [
    "treo-core"
  ],
  "views/fields/array": [
    "treo-core"
  ],
  "views/fields/base": [
    "treo-core"
  ],
  "views/fields/currency": [
    "treo-core"
  ],
  "views/fields/link-parent": [
    "treo-core"
  ],
  "views/fields/multi-enum": [
    "treo-core"
  ],
  "views/fields/owner-user": [
    "treo-core"
  ],
  "views/fields/varchar": [
    "treo-core"
  ],
  "views/fields/varchar-column": [
    "treo-core"
  ],
  "views/fields/text": [
    "treo-core"
  ],
  "views/fields/wysiwyg": [
    "treo-core"
  ],
  "views/record/detail": [
    "treo-core"
  ],
  "views/preferences/record/edit": [
    "treo-core"
  ],
  "views/site/header": [
    "treo-core"
  ],
  "views/site/navbar": [
    "treo-core"
  ],
  "views/site/footer": [
    "treo-core"
  ],
  "views/site/master": [
    "treo-core"
  ],
  "views/settings/fields/tab-list": [
    "treo-core"
  ],
  "views/settings/record/edit": [
    "treo-core"
  ],
  "views/notification/items/treo-message": [
    "treo-core"
  ],
  "views/record/edit-small": [
    "treo-core"
  ],
  "views/record/detail-small": [
    "treo-core"
  ],
  "views/notification/badge": [
    "treo-core"
  ]
}