[
  {
    "route": "/TreoUpgrade/versions",
    "method": "get",
    "params": {
      "controller": "TreoUpgrade",
      "action": "versions"
    }
  },
  {
    "route": "/TreoUpgrade/upgrade",
    "method": "post",
    "params": {
      "controller": "TreoUpgrade",
      "action": "upgrade"
    }
  },
  {
    "route": "/ModuleManager/list",
    "method": "get",
    "params": {
      "controller": "ModuleManager",
      "action": "list"
    }
  },
  {
    "route": "/ModuleManager/installModule",
    "method": "post",
    "params": {
      "controller": "ModuleManager",
      "action": "installModule"
    }
  },
  {
    "route": "/ModuleManager/updateModule",
    "method": "put",
    "params": {
      "controller": "ModuleManager",
      "action": "updateModule"
    }
  },
  {
    "route": "/ModuleManager/deleteModule",
    "method": "delete",
    "params": {
      "controller": "ModuleManager",
      "action": "deleteModule"
    }
  },
  {
    "route": "/ModuleManager/cancel",
    "method": "post",
    "params": {
      "controller": "ModuleManager",
      "action": "cancel"
    }
  },
  {
    "route": "/ModuleManager/logs",
    "method": "get",
    "params": {
      "controller": "ModuleManager",
      "action": "logs"
    }
  },
  {
    "route": "/Composer/gitAuth",
    "method": "get",
    "params": {
      "controller": "Composer",
      "action": "getGitAuthData"
    }
  },
  {
    "route": "/Composer/gitAuth",
    "method": "put",
    "params": {
      "controller": "Composer",
      "action": "setGitAuthData"
    }
  },
  {
    "route": "/Composer/update",
    "method": "post",
    "params": {
      "controller": "Composer",
      "action": "update"
    }
  },
  {
    "route": "/Composer/cancel",
    "method": "delete",
    "params": {
      "controller": "Composer",
      "action": "cancel"
    }
  },
  {
    "route": "/Job/action/massUpdate",
    "method": "put",
    "params": {
      "controller": "Job",
      "action": "massUpdate"
    }
  },
  {
    "route": "/QueueItem/action/massUpdate",
    "method": "put",
    "params": {
      "controller": "QueueItem",
      "action": "massUpdate"
    }
  },
  {
    "route": "/:controller/action/massUpdate",
    "method": "put",
    "params": {
      "controller": "MassActions",
      "action": "massUpdate",
      "scope": ":controller"
    }
  },
  {
    "route": "/Job/action/massDelete",
    "method": "post",
    "params": {
      "controller": "Job",
      "action": "massDelete"
    }
  },
  {
    "route": "/QueueItem/action/massDelete",
    "method": "post",
    "params": {
      "controller": "QueueItem",
      "action": "massDelete"
    }
  },
  {
    "route": "/:controller/action/massDelete",
    "method": "post",
    "params": {
      "controller": "MassActions",
      "action": "massDelete",
      "scope": ":controller"
    }
  },
  {
    "route": "/:controller/:link/relation",
    "method": "post",
    "params": {
      "controller": "MassActions",
      "action": "addRelation",
      "scope": ":controller",
      "link": ":link"
    }
  },
  {
    "route": "/:controller/:link/relation",
    "method": "delete",
    "params": {
      "controller": "MassActions",
      "action": "removeRelation",
      "scope": ":controller",
      "link": ":link"
    }
  }
]
